,Seed,Features (k),0 vs Rest - AUC,1 vs Rest - AUC,2 vs Rest - AUC,0 vs Rest - Precision,0 vs Rest - Recall,0 vs Rest - F1,0 vs Rest - MCC,1 vs Rest - Precision,1 vs Rest - Recall,1 vs Rest - F1,1 vs Rest - MCC,2 vs Rest - Precision,2 vs Rest - Recall,2 vs Rest - F1,2 vs Rest - MCC,OvR Macro AUC,OvR Macro Precision,OvR Macro Recall,OvR Macro F1,OvR Macro MCC,0 vs 1 - AUC,0 vs 1 - Precision,0 vs 1 - Recall,0 vs 1 - F1,0 vs 1 - MCC,0 vs 2 - AUC,0 vs 2 - Precision,0 vs 2 - Recall,0 vs 2 - F1,0 vs 2 - MCC,1 vs 2 - AUC,1 vs 2 - Precision,1 vs 2 - Recall,1 vs 2 - F1,1 vs 2 - MCC,OvO Macro AUC,OvO Macro Precision,OvO Macro Recall,OvO Macro F1,OvO Macro MCC
0,0,10,0.6440211640211639,0.675,0.41333333333333333,0.7605633802816901,0.5142857142857142,0.6136363636363636,-0.09048502755150326,0.3170731707317073,0.43333333333333335,0.36619718309859156,0.19494447088011022,0.07894736842105263,0.2,0.11320754716981132,-0.0958862925810371,0.5774514991181657,0.3855279731448167,0.3825396825396825,0.36434703130158885,0.002857716915856618,0.7053968253968254,0.37735849056603776,0.6666666666666666,0.4819277108433735,0.3000010956962876,0.4996825396825397,0.13636363636363635,0.6,0.2222222222222222,0.037986858819879316,0.6044444444444445,0.375,0.6,0.46153846153846156,0.0944911182523068,0.6031746031746031,0.296240708976558,0.6222222222222222,0.3885627982013524,0.14415969092282457
1,0,1000,0.6158730158730159,0.7316666666666667,0.4004938271604938,0.7254901960784313,0.3523809523809524,0.47435897435897434,-0.05135366519304178,0.3409090909090909,0.5,0.40540540540540543,0.21372476642850863,0.05454545454545454,0.2,0.08571428571428572,-0.15144405793423008,0.5826778365667254,0.37364824717765893,0.3507936507936508,0.32182622182622184,0.0036423477670789275,0.7190476190476192,0.3673469387755102,0.6,0.45569620253164556,0.26349276237907887,0.5136507936507937,0.13636363636363635,0.6,0.2222222222222222,0.037986858819879316,0.54,0.39285714285714285,0.7333333333333333,0.5116279069767442,0.1620509308880411,0.5908994708994709,0.29885590599876316,0.6444444444444444,0.39651544391020394,0.15451018402899977
