,Seed,Features (k),0 vs Rest,1 vs Rest,2 vs Rest,OvR Macro AUC,0 vs 1,0 vs 2,1 vs 2,OvO Macro AUC
0,0,10,0.6757671957671958,0.813888888888889,0.5575308641975308,0.6823956496178719,0.7492063492063492,0.37968253968253973,0.5733333333333334,0.5674074074074075
1,0,1000,0.6931216931216931,0.8325,0.5846913580246913,0.7034376837154616,0.8323809523809523,0.4292063492063492,0.8244444444444444,0.6953439153439153
