,Seed,Features (k),0 vs Rest,1 vs Rest,2 vs Rest,OvR Macro AUC,0 vs 1,0 vs 2,1 vs 2,OvO Macro AUC
0,0,10,0.682962962962963,0.805,0.5254320987654322,0.6711316872427985,0.7631746031746032,0.3892063492063492,0.5,0.5507936507936507
1,0,1000,0.7047619047619047,0.8075,0.5896296296296297,0.7006305114638448,0.8253968253968255,0.40444444444444444,0.5,0.5766137566137567
