,Seed,Features (k),0 vs Rest,1 vs Rest,2 vs Rest,OvR Macro AUC,0 vs 1,0 vs 2,1 vs 2,OvO Macro AUC
0,0,10,0.718095238095238,0.8027777777777778,0.4790123456790123,0.666628453850676,0.7733333333333334,0.373015873015873,0.5155555555555555,0.553968253968254
1,0,1000,0.5954497354497355,0.6077777777777778,0.6017283950617284,0.6016519694297472,0.7431746031746033,0.6025396825396825,0.6288888888888887,0.6582010582010581
