,Seed,Features (k),0 vs Rest - AUC,1 vs Rest - AUC,2 vs Rest - AUC,0 vs Rest - Precision,0 vs Rest - Recall,0 vs Rest - F1,0 vs Rest - MCC,1 vs Rest - Precision,1 vs Rest - Recall,1 vs Rest - F1,1 vs Rest - MCC,2 vs Rest - Precision,2 vs Rest - Recall,2 vs Rest - F1,2 vs Rest - MCC,OvR Macro AUC,OvR Macro Precision,OvR Macro Recall,OvR Macro F1,OvR Macro MCC,0 vs 1 - AUC,0 vs 1 - Precision,0 vs 1 - Recall,0 vs 1 - F1,0 vs 1 - MCC,0 vs 2 - AUC,0 vs 2 - Precision,0 vs 2 - Recall,0 vs 2 - F1,0 vs 2 - MCC,1 vs 2 - AUC,1 vs 2 - Precision,1 vs 2 - Recall,1 vs 2 - F1,1 vs 2 - MCC,OvO Macro AUC,OvO Macro Precision,OvO Macro Recall,OvO Macro F1,OvO Macro MCC
0,0,10,0.6969312169312168,0.8009722222222222,0.4814814814814815,0.7253521126760564,0.9809523809523809,0.8340080971659919,-0.2474610820719749,0.75,0.2,0.3157894736842105,0.2474610820719749,0.0,0.0,0.0,0.0,0.6597949735449734,0.4917840375586855,0.39365079365079364,0.3832658569500675,0.0,0.8101587301587301,0.6666666666666666,0.4,0.5,0.41931393468876726,0.3644444444444444,0.0,0.0,0.0,0.0,0.54,0.2857142857142857,0.13333333333333333,0.18181818181818182,-0.043355498476206,0.5715343915343915,0.31746031746031744,0.17777777777777778,0.2272727272727273,0.12531947873752042
1,0,1000,0.7041269841269842,0.8219444444444445,0.49975308641975313,0.7,1.0,0.8235294117647058,0.0,0.0,0.0,0.0,0.0,0.0,0.0,0.0,0.0,0.6752748383303939,0.2333333333333333,0.3333333333333333,0.2745098039215686,0.0,0.846031746031746,0.0,0.0,0.0,0.0,0.528888888888889,0.0,0.0,0.0,0.0,0.7622222222222221,1.0,0.13333333333333333,0.23529411764705882,0.30499714066520933,0.7123809523809523,0.3333333333333333,0.044444444444444446,0.0784313725490196,0.10166571355506977
